Manuscript Number,Current Status
PONE-D-15-06964R1,Completed Accept
PONE-D-15-09643R1,Completed Accept
PONE-D-15-11058,Completed Withdrawn
PONE-D-15-11074,Completed Reject
PONE-D-15-11111,Completed Reject
PONE-D-15-11114,Completed Withdrawn
PONE-D-15-11120,Completed Reject
PONE-D-15-11121,Completed Reject
PONE-D-15-11126R1,Completed Withdrawn
PONE-D-15-11134,Completed Reject
PONE-D-15-11135,Completed Reject
PONE-D-15-11146R2,Completed Accept
PONE-D-15-11167R1,Completed Accept
PONE-D-15-11189,Completed Reject
PONE-D-15-11199,Completed Reject
PONE-D-15-11203R1,Completed Accept
PONE-D-15-11206,Completed Reject
PONE-D-15-11211R2,Completed Reject
PONE-D-15-11216,Completed Reject
PONE-D-15-11218,Completed Reject
PONE-D-15-11242,Completed Reject
PONE-D-15-11273,Completed Reject
PONE-D-15-11276R1,Completed Accept
PONE-D-15-11284,Completed Withdrawn
PONE-D-15-11286,Completed Reject
PONE-D-15-11287,Completed Reject
PONE-D-15-11289,Completed Reject
PONE-D-15-11292,Completed Reject
PONE-D-15-11301,Completed Reject
PONE-D-15-11323,Completed Reject
PONE-D-15-11332,Completed Reject
PONE-D-15-11355,Completed Reject
PONE-D-15-11361,Completed Reject
PONE-D-15-11369R1,Completed Accept
PONE-D-15-11380,Completed Reject
PONE-D-15-11382R1,Completed Accept
PONE-D-15-11386R2,Completed Accept
PONE-D-15-11390R2,Completed Accept
PONE-D-15-11408,Completed Reject
PONE-D-15-11410R1,Completed Accept
PONE-D-15-11431,Completed Withdrawn
PONE-D-15-11445,Completed Reject
PONE-D-15-11460,Completed Reject
PONE-D-15-11468R1,Completed Accept
PONE-D-15-11493R2,Completed Accept
PONE-D-15-11504,Completed Withdrawn
PONE-D-15-11506R1,Completed Accept
PONE-D-15-11520R2,Completed Accept
PONE-D-15-11523,Completed Withdrawn
PONE-D-15-11525,Completed Withdrawn
PONE-D-15-11532,Completed Reject
PONE-D-15-11539,Completed Reject
PONE-D-15-11542R1,Completed Accept
PONE-D-15-11545R1,Completed Accept
PONE-D-15-11552,Completed Reject
PONE-D-15-11553,Completed Reject
PONE-D-15-11558R1,Completed Accept
PONE-D-15-11560,Completed Reject
PONE-D-15-11562,Completed Reject
PONE-D-15-11579,Completed Withdrawn
PONE-D-15-11584,Completed Withdrawn
PONE-D-15-11595,Completed Reject
PONE-D-15-11598,Completed Withdrawn
PONE-D-15-11599,Completed Reject
PONE-D-15-11600R1,Completed Accept
PONE-D-15-11631,Completed Withdrawn
PONE-D-15-11633,Completed Reject
PONE-D-15-11640,Completed Reject
PONE-D-15-11651,Completed Reject
PONE-D-15-11661,Completed Withdrawn
PONE-D-15-11663R1,Completed Accept
PONE-D-15-11692R1,Completed Accept
PONE-D-15-11695R1,Completed Accept
PONE-D-15-11697R1,Completed Accept
PONE-D-15-11701R1,Completed Accept
PONE-D-15-11706,Completed Reject
PONE-D-15-11713R3,Completed Reject
PONE-D-15-11714R3,Completed Accept
PONE-D-15-11716R1,Completed Accept
PONE-D-15-11717R1,Completed Accept
PONE-D-15-11722,Completed Reject
PONE-D-15-11729R1,Completed Accept
PONE-D-15-11731R1,Completed Reject
PONE-D-15-11745R2,Completed Accept
PONE-D-15-11755,Completed Reject
PONE-D-15-11766R3,Completed Accept
PONE-D-15-11769R2,Rebuttal
PONE-D-15-11781R1,Completed Accept
PONE-D-15-11782R2,Completed Accept
PONE-D-15-11791R1,Completed Accept
PONE-D-15-11805,Completed Reject
PONE-D-15-11807,Completed Reject
PONE-D-15-11810R1,Completed Accept
PONE-D-15-11815,Completed Reject
PONE-D-15-11816R2,Completed Accept
PONE-D-15-11823R3,Completed Accept
PONE-D-15-11830,Completed Reject
PONE-D-15-11833R3,Completed Accept
PONE-D-15-11837R2,Completed Reject
PONE-D-15-11845R1,Completed Accept
PONE-D-15-11847R2,Completed Accept
PONE-D-15-11866R2,Completed Accept
PONE-D-15-11873R2,Completed Accept
PONE-D-15-11877R1,Revise
PONE-D-15-11878R1,Completed Accept
PONE-D-15-11902,Completed Reject
PONE-D-15-11911R2,Completed Accept
PONE-D-15-11917,Completed Withdrawn
PONE-D-15-11919R1,Completed Accept
PONE-D-15-11920R1,Completed Accept
PONE-D-15-11921,Completed Reject
PONE-D-15-11932R1,Completed Accept
PONE-D-15-11935R1,Completed Accept
PONE-D-15-11942R1,Completed Accept
PONE-D-15-11944R2,Completed Accept
PONE-D-15-11947R1,Completed Accept
PONE-D-15-11951,Completed Reject
PONE-D-15-11953,Completed Withdrawn
PONE-D-15-11958R1,Completed Accept
PONE-D-15-11971,Completed Reject
PONE-D-15-11986R1,Completed Accept
PONE-D-15-11988,Completed Withdrawn
PONE-D-15-11992,Completed Reject
PONE-D-15-11996,Completed Reject
PONE-D-15-11998R1,Completed Accept
PONE-D-15-12003R2,Completed Accept
PONE-D-15-12013,Completed Reject
PONE-D-15-12023R1,Completed Accept
PONE-D-15-12042,Completed Reject
PONE-D-15-12045,Completed Reject
PONE-D-15-12050,Completed Reject
PONE-D-15-12053R3,Completed Accept
PONE-D-15-12057R3,Completed Accept
PONE-D-15-12071R1,Completed Accept
PONE-D-15-12072,Completed Withdrawn
PONE-D-15-12074,Completed Withdrawn
PONE-D-15-12075R2,Completed Accept
PONE-D-15-12085R1,Completed Accept
PONE-D-15-12100R1,Completed Reject
PONE-D-15-12104,Completed Reject
PONE-D-15-12105R2,Completed Accept
PONE-D-15-12110R1,Completed Accept
PONE-D-15-12111,Completed Reject
PONE-D-15-12115,Completed Reject
PONE-D-15-12120R2,Completed Accept
PONE-D-15-12126,Completed Reject
PONE-D-15-12142,Completed Reject
PONE-D-15-12152R2,Completed Accept
PONE-D-15-12153,Completed Reject
PONE-D-15-12160,Completed Reject
PONE-D-15-12170,Completed Reject
PONE-D-15-12175,Completed Reject
PONE-D-15-12197,Completed Reject
PONE-D-15-12204R1,Completed Accept
PONE-D-15-12205,Completed Withdrawn
PONE-D-15-12206,Completed Reject
PONE-D-15-12215R2,Completed Accept
PONE-D-15-12240R1,Completed Accept
PONE-D-15-12247,Completed Reject
PONE-D-15-12298R1,Completed Accept
PONE-D-15-12303R1,Completed Accept
PONE-D-15-12304R1,Completed Accept
PONE-D-15-12305R1,Completed Accept
PONE-D-15-12307R2,Completed Accept
PONE-D-15-12311R2,Completed Accept
PONE-D-15-12312,Completed Reject
PONE-D-15-12314R1,Completed Withdrawn
PONE-D-15-12315R1,Completed Accept
PONE-D-15-12316R1,Completed Accept
PONE-D-15-12330R2,Completed Accept
PONE-D-15-12352,Completed Withdrawn
PONE-D-15-12357,Completed Reject
PONE-D-15-12369R1,Completed Accept
PONE-D-15-12361R3,Under Review
PONE-D-15-12372,Completed Withdrawn
PONE-D-15-12386,Completed Reject
PONE-D-15-12391R1,Completed Accept
PONE-D-15-12415,Completed Withdrawn
PONE-D-15-12417,Completed Withdrawn
PONE-D-15-12419,Completed Withdrawn
PONE-D-15-12422,Completed Reject
PONE-D-15-12433R1,Completed Accept
PONE-D-15-12438R1,Completed Withdrawn
PONE-D-15-12445,Completed Reject
PONE-D-15-12446,Completed Reject
PONE-D-15-12452R1,Completed Accept
PONE-D-15-12466R1,Completed Accept
PONE-D-15-12489,Completed Withdrawn
PONE-D-15-12491R2,Completed Accept
PONE-D-15-12499,Completed Reject
PONE-D-15-12516,Completed Reject
PONE-D-15-12518R1,Completed Accept
PONE-D-15-12521R1,Completed Accept
PONE-D-15-12524,Completed Reject
PONE-D-15-12535,Completed Reject
PONE-D-15-12553,Completed Reject
PONE-D-15-12556,Completed Reject
PONE-D-15-12567,Completed Accept
PONE-D-15-12572R2,Completed Accept
PONE-D-15-12584R2,Completed Accept
PONE-D-15-12591R1,Completed Accept
PONE-D-15-12601,Completed Reject
PONE-D-15-12603,Completed Withdrawn
PONE-D-15-12605,Completed Reject
PONE-D-15-12615R1,Completed Accept
PONE-D-15-12643R1,Completed Accept
PONE-D-15-12662R1,Completed Accept
PONE-D-15-12668,Completed Reject
PONE-D-15-12671,Completed Reject
PONE-D-15-12683R1,Completed Reject
PONE-D-15-12686,Completed Reject
PONE-D-15-12693,Completed Reject
PONE-D-15-12708R1,Completed Accept
PONE-D-15-12715R2,Completed Accept
PONE-D-15-12717R2,Completed Accept
PONE-D-15-12718,Completed Reject
PONE-D-15-12724,Completed Reject
PONE-D-15-12729R1,Completed Accept
PONE-D-15-12735,Completed Reject
PONE-D-15-12749,Completed Reject
PONE-D-15-12751R1,Completed Accept
PONE-D-15-12754,Completed Reject
PONE-D-15-12760,Completed Reject
PONE-D-15-12761R2,Completed Reject
PONE-D-15-12766R1,Completed Accept
PONE-D-15-12768,Completed Withdrawn
PONE-D-15-12778,Completed Reject
PONE-D-15-12787,Completed Reject
PONE-D-15-12794,Completed Withdrawn
PONE-D-15-12796R2,Completed Accept
PONE-D-15-12798R1,Completed Accept
PONE-D-15-12800R1,Completed Accept
PONE-D-15-12811,Completed Withdrawn
PONE-D-15-12818R2,Completed Accept
PONE-D-15-12822R3,Completed Accept
PONE-D-15-12824,Completed Reject
PONE-D-15-12837,Completed Reject
PONE-D-15-12838,Completed Reject
PONE-D-15-12846R1,Completed Accept
PONE-D-15-12856,Completed Withdrawn
PONE-D-15-12862R2,Completed Accept
PONE-D-15-12868R1,Completed Reject
PONE-D-15-12871,Completed Reject
PONE-D-15-12874R1,Completed Accept
PONE-D-15-12876,Completed Reject
PONE-D-15-12886R1,Completed Accept
PONE-D-15-12894,Completed Reject
PONE-D-15-12901R4,Completed Accept
PONE-D-15-12903R1,Completed Accept
PONE-D-15-12910,Completed Reject
PONE-D-15-12929,Completed Reject
PONE-D-15-12930R2,Completed Accept
PONE-D-15-12937,Completed Reject
PONE-D-15-12938,Completed Reject
PONE-D-15-12939,Completed Reject
PONE-D-15-12944R1,Completed Accept
PONE-D-15-12947,Completed Withdrawn
PONE-D-15-12953R1,Completed Accept
PONE-D-15-12966R2,Completed Accept
PONE-D-15-12969,Completed Withdrawn
PONE-D-15-12982R3,Completed Accept
PONE-D-15-12985R2,Completed Accept
PONE-D-15-13000R1,Completed Accept
PONE-D-15-13009R2,Completed Accept
PONE-D-15-13010R1,Completed Accept
PONE-D-15-13012,Completed Withdrawn
PONE-D-15-13015R1,Completed Accept
PONE-D-15-13020R1,Completed Accept
PONE-D-15-13025R1,Completed Accept
PONE-D-15-13040,Completed Reject
PONE-D-15-13048R1,Completed Withdrawn
PONE-D-15-13053,Completed Reject
PONE-D-15-13054R1,Completed Reject
PONE-D-15-13055,Completed Accept
PONE-D-15-13065,Completed Reject
PONE-D-15-13072,Completed Reject
PONE-D-15-13075R1,Completed Accept
PONE-D-15-13083R1,Completed Accept
PONE-D-15-13092R1,Completed Accept
PONE-D-15-13095R1,Completed Accept
PONE-D-15-13109R1,Completed Reject
PONE-D-15-13110,Completed Reject
PONE-D-15-13121R2,Completed Accept
PONE-D-15-13132R3,Completed Accept
PONE-D-15-13133,Completed Reject
PONE-D-15-13156,Completed Reject
PONE-D-15-13160R1,Completed Accept
PONE-D-15-13163R1,Completed Accept
PONE-D-15-13167,Completed Reject
PONE-D-15-13170,Completed Reject
PONE-D-15-13178R1,Completed Accept
PONE-D-15-13189,Completed Reject
PONE-D-15-13193,Completed Reject
PONE-D-15-13194R2,Completed Accept
PONE-D-15-13205,Completed Reject
PONE-D-15-13216R1,Completed Reject
PONE-D-15-13228R1,Completed Accept
PONE-D-15-13229,Completed Withdrawn
PONE-D-15-13232R2,Completed Accept
PONE-D-15-13235R1,Completed Reject
PONE-D-15-13238R2,Completed Accept
PONE-D-15-13254R2,Completed Accept
PONE-D-15-13255R2,Completed Accept
PONE-D-15-13258R2,Completed Accept
PONE-D-15-13263R1,Completed Accept
PONE-D-15-13264,Completed Reject
PONE-D-15-13267,Completed Reject
PONE-D-15-13275,Completed Reject
PONE-D-15-13281,Completed Reject
PONE-D-15-13282R1,Completed Accept
PONE-D-15-13287,Completed Reject
PONE-D-15-13290R1,Completed Accept
PONE-D-15-13292R3,Completed Reject
PONE-D-15-13304R2,Completed Accept
PONE-D-15-13322,Completed Reject
PONE-D-15-13339R1,Completed Accept
PONE-D-15-13341R1,Completed Accept
PONE-D-15-13351,Completed Reject
PONE-D-15-13354,Completed Reject
PONE-D-15-13357,Completed Reject
PONE-D-15-13375R2,Completed Accept
PONE-D-15-13382,Completed Reject
PONE-D-15-13410R2,Completed Accept
PONE-D-15-13414,Completed Withdrawn
PONE-D-15-13419R1,Completed Reject
PONE-D-15-13420,Completed Reject
PONE-D-15-13425R1,Completed Accept
PONE-D-15-13435R1,Completed Accept
PONE-D-15-13445,Completed Reject
PONE-D-15-13468,Completed Reject
PONE-D-15-13469,Completed Reject
PONE-D-15-13472R1,Completed Accept
PONE-D-15-13484,Completed Reject
PONE-D-15-13491,Completed Withdrawn
PONE-D-15-13500,Completed Reject
PONE-D-15-13502,Completed Reject
PONE-D-15-13508R2,Completed Accept
PONE-D-15-13517,Completed Reject
PONE-D-15-13519,Completed Withdrawn
PONE-D-15-13523,Completed Reject
PONE-D-15-13528,Completed Withdrawn
PONE-D-15-13534,Completed Reject
PONE-D-15-13536,Completed Withdrawn
PONE-D-15-13540R1,Completed Accept
PONE-D-15-13541R1,Completed Accept
PONE-D-15-13545R1,Completed Accept
PONE-D-15-13546,Completed Reject
PONE-D-15-13549R2,Completed Accept
PONE-D-15-13552R1,Completed Accept
PONE-D-15-13557,Completed Withdrawn
PONE-D-15-13566,Completed Reject
PONE-D-15-13580R1,Completed Accept
PONE-D-15-13583R2,Completed Accept
PONE-D-15-13602,Completed Reject
PONE-D-15-13605R1,Completed Accept
PONE-D-15-13607R1,Completed Accept
PONE-D-15-13611,Completed Reject
PONE-D-15-13612,Completed Reject
PONE-D-15-13615,Completed Reject
PONE-D-15-13626,Completed Reject
PONE-D-15-13637,Completed Reject
PONE-D-15-13648,Completed Reject
PONE-D-15-13650,Completed Reject
PONE-D-15-13651,Completed Withdrawn
PONE-D-15-13656,Completed Withdrawn
PONE-D-15-13670,Completed Reject
PONE-D-15-13686,Completed Reject
PONE-D-15-13700,Completed Reject
PONE-D-15-13701R1,Completed Accept
PONE-D-15-13702R1,Completed Accept
PONE-D-15-13711,Completed Reject
PONE-D-15-13712,Completed Reject
PONE-D-15-13724R2,Completed Accept
PONE-D-15-13728R1,Completed Accept
PONE-D-15-13729,Completed Withdrawn
PONE-D-15-13734,Completed Reject
PONE-D-15-13743,Completed Reject
PONE-D-15-13767R2,Completed Accept
PONE-D-15-13777,Completed Reject
PONE-D-15-13778R2,Completed Accept
PONE-D-15-13794,Completed Reject
PONE-D-15-13803,Completed Reject
PONE-D-15-13809,Completed Reject
PONE-D-15-13811R2,Completed Accept
PONE-D-15-13815R1,Completed Accept
PONE-D-15-13833,Completed Reject
PONE-D-15-13836,Completed Reject
PONE-D-15-13839R2,Completed Accept
PONE-D-15-13842,Completed Reject
PONE-D-15-13849,Completed Reject
PONE-D-15-13852,Completed Reject
PONE-D-15-13854R1,Completed Accept
PONE-D-15-13857,Completed Reject
PONE-D-15-13860,Completed Reject
PONE-D-15-13862,Completed Withdrawn
PONE-D-15-13863R1,Completed Accept
PONE-D-15-13872,Completed Withdrawn
PONE-D-15-13877,Completed Withdrawn
PONE-D-15-13888R1,Completed Accept
PONE-D-15-13891,Completed Reject
PONE-D-15-13901R2,Completed Accept
PONE-D-15-13906R1,Completed Accept
PONE-D-15-13907,Completed Reject
PONE-D-15-13919,Completed Reject
PONE-D-15-13924,Completed Reject
PONE-D-15-13925R1,Completed Accept
PONE-D-15-13930R2,Completed Accept
PONE-D-15-13942R2,Completed Accept
PONE-D-15-13953R1,Completed Accept
PONE-D-15-13956R1,Completed Accept
PONE-D-15-13966R1,Completed Accept
PONE-D-15-13967R2,Completed Accept
PONE-D-15-13968R1,Completed Accept
PONE-D-15-13969R2,Completed Accept
PONE-D-15-13973R2,Completed Reject
PONE-D-15-13975,Completed Reject
PONE-D-15-13979R1,Completed Accept
PONE-D-15-13981,Completed Reject
PONE-D-15-13984,Completed Reject
PONE-D-15-13986R1,Completed Accept
PONE-D-15-13990R1,Completed Accept
PONE-D-15-13998R1,Completed Accept
PONE-D-15-14015R1,Completed Accept
PONE-D-15-14021R2,Completed Accept
PONE-D-15-14023,Completed Withdrawn
PONE-D-15-14040R1,Completed Accept
PONE-D-15-14047R1,Completed Reject
PONE-D-15-14051R2,Completed Accept
PONE-D-15-14055,Completed Reject
PONE-D-15-14073R1,Completed Reject
PONE-D-15-14085,Completed Reject
PONE-D-15-14099,Completed Withdrawn
PONE-D-15-14100R1,Completed Accept
PONE-D-15-14108R1,Completed Accept
PONE-D-15-14120,Completed Reject
PONE-D-15-14121R2,Completed Accept
PONE-D-15-14123R1,Completed Accept
PONE-D-15-14130,Completed Withdrawn
PONE-D-15-14135,Completed Reject
PONE-D-15-14136R1,Completed Accept
PONE-D-15-14138R3,Completed Accept
PONE-D-15-14140R1,Completed Accept
PONE-D-15-14141R2,Completed Accept
PONE-D-15-14158R1,Completed Accept
PONE-D-15-14165,Completed Reject
PONE-D-15-14169R3,Completed Accept
PONE-D-15-14175,Completed Reject
PONE-D-15-14191,Completed Reject
PONE-D-15-14203R2,Completed Accept
PONE-D-15-14206,Completed Reject
PONE-D-15-14210,Completed Reject
PONE-D-15-14216R1,Completed Accept
PONE-D-15-14217R3,Completed Accept
PONE-D-15-14220R2,Completed Accept
PONE-D-15-14231,Completed Withdrawn
PONE-D-15-14232,Completed Reject
PONE-D-15-14247,Completed Reject
PONE-D-15-14256,Completed Withdrawn
PONE-D-15-14258,Completed Reject
PONE-D-15-14263,Completed Reject
PONE-D-15-14264,Completed Reject
PONE-D-15-14266,Completed Reject
PONE-D-15-14267R1,Completed Accept
PONE-D-15-14272,Completed Reject
PONE-D-15-14273,Completed Withdrawn
PONE-D-15-14280R2,Completed Accept
PONE-D-15-14282R1,Completed Accept
PONE-D-15-14283,Completed Reject
PONE-D-15-14298R1,Completed Accept
PONE-D-15-14306R1,Completed Reject
PONE-D-15-14310,Completed Withdrawn
PONE-D-15-14333R2,Completed Accept
PONE-D-15-14337R1,Completed Accept
PONE-D-15-14338R1,Completed Accept
PONE-D-15-14348,Completed Reject
PONE-D-15-14368,Completed Reject
PONE-D-15-14373R2,Completed Accept
PONE-D-15-14378,Completed Reject
PONE-D-15-14389R2,Completed Accept
PONE-D-15-14391,Completed Withdrawn
PONE-D-15-14394R2,Completed Withdrawn
PONE-D-15-14401R1,Completed Accept
PONE-D-15-14403R1,Completed Accept
PONE-D-15-14410R3,Completed Accept
PONE-D-15-14416R1,Completed Accept
PONE-D-15-14419,Completed Reject
PONE-D-15-14421R1,Completed Accept
PONE-D-15-14423R1,Completed Accept
PONE-D-15-14428,Completed Reject
PONE-D-15-14429R1,Completed Accept
PONE-D-15-14431R1,Completed Accept
PONE-D-15-14449,Completed Reject
PONE-D-15-14454,Completed Withdrawn
PONE-D-15-14457R1,Completed Accept
PONE-D-15-14459,Completed Reject
PONE-D-15-14462,Completed Withdrawn
PONE-D-15-14466R2,Completed Accept
PONE-D-15-14470,Completed Reject
PONE-D-15-14475,Completed Reject
PONE-D-15-14477,Completed Withdrawn
PONE-D-15-14489,Completed Accept
PONE-D-15-14490R2,Completed Reject
PONE-D-15-14502,Completed Reject
PONE-D-15-14503,Completed Reject
PONE-D-15-14515R2,Completed Accept
PONE-D-15-14520,Completed Reject
PONE-D-15-14526R2,Completed Accept
PONE-D-15-14533R2,Completed Accept
PONE-D-15-14535,Completed Reject
PONE-D-15-14541R2,Completed Accept
PONE-D-15-14546,Completed Reject
PONE-D-15-14551R2,Completed Reject
PONE-D-15-14581,Completed Reject
PONE-D-15-14592R3,Completed Accept
PONE-D-15-14603R1,Completed Accept
PONE-D-15-14608R1,Completed Accept
PONE-D-15-14609R2,Completed Accept
PONE-D-15-14614,Completed Withdrawn
PONE-D-15-14615R1,Completed Accept
PONE-D-15-14622R2,Completed Accept
PONE-D-15-14633R1,Completed Accept
PONE-D-15-14639,Completed Accept
PONE-D-15-14644,Completed Reject
PONE-D-15-14667,Completed Reject
PONE-D-15-14684R1,Completed Reject
PONE-D-15-14687R2,Completed Accept
PONE-D-15-14689,Completed Reject
PONE-D-15-14694,Completed Reject
PONE-D-15-14699R2,Completed Accept
PONE-D-15-14707R1,Completed Accept
PONE-D-15-14709R1,Completed Accept
PONE-D-15-14718,Completed Reject
PONE-D-15-14719,Completed Withdrawn
PONE-D-15-14720R2,Completed Accept
PONE-D-15-14722,Completed Withdrawn
PONE-D-15-14735,Completed Reject
PONE-D-15-14739,Completed Withdrawn
PONE-D-15-14741,Completed Reject
PONE-D-15-14742,Completed Reject
PONE-D-15-14750R2,Accept
PONE-D-15-14775,Completed Reject
PONE-D-15-14776,Completed Reject
PONE-D-15-14779R1,Completed Withdrawn
PONE-D-15-14782,Completed Reject
PONE-D-15-14784R1,Completed Accept
PONE-D-15-14786,Completed Withdrawn
PONE-D-15-14789R1,Completed Accept
PONE-D-15-14790,Completed Reject
PONE-D-15-14793,Completed Withdrawn
PONE-D-15-14813R1,Completed Accept
PONE-D-15-14816R1,Completed Accept
PONE-D-15-14819,Completed Withdrawn
PONE-D-15-14822,Completed Reject
PONE-D-15-14827,Completed Withdrawn
PONE-D-15-14832,Completed Reject
PONE-D-15-14835,Completed Reject
PONE-D-15-14841,Completed Reject
PONE-D-15-14849,Completed Reject
PONE-D-15-14853,Completed Withdrawn
PONE-D-15-14856R1,Completed Accept
PONE-D-15-14862R2,Completed Accept
PONE-D-15-14871,Completed Reject
PONE-D-15-14872,Completed Withdrawn
PONE-D-15-14879R1,Completed Accept
PONE-D-15-14881R1,Completed Accept
PONE-D-15-14902R1,Completed Accept
PONE-D-15-14907,Completed Reject
PONE-D-15-14908,Completed Reject
PONE-D-15-14915R1,Completed Accept
PONE-D-15-14920,Completed Reject
PONE-D-15-14921R1,Completed Accept
PONE-D-15-14923R1,Completed Accept
PONE-D-15-14954,Completed Reject
PONE-D-15-14958R3,Completed Accept
PONE-D-15-14960R2,Completed Accept
PONE-D-15-14961,Completed Reject
PONE-D-15-14975R1,Completed Accept
PONE-D-15-14986,Completed Reject
PONE-D-15-14993,Completed Reject
PONE-D-15-15007R1,Completed Accept
PONE-D-15-15011R3,Completed Accept
PONE-D-15-15013R1,Completed Accept
PONE-D-15-15014,Completed Reject
PONE-D-15-15021R1,Completed Accept
PONE-D-15-15027,Completed Reject
PONE-D-15-15030R3,Completed Accept
PONE-D-15-15043R1,Completed Accept
PONE-D-15-15044,Completed Reject
PONE-D-15-15045,Completed Reject
PONE-D-15-15055R1,Completed Accept
PONE-D-15-15061R2,Completed Accept
PONE-D-15-15070,Completed Reject
PONE-D-15-15071R1,Completed Accept
PONE-D-15-15072R1,Completed Accept
PONE-D-15-15076R1,Completed Accept
PONE-D-15-15077R1,Completed Accept
PONE-D-15-15078,Completed Reject
PONE-D-15-15092R2,Completed Accept
PONE-D-15-15101R2,Completed Accept
PONE-D-15-15105R1,Completed Accept
PONE-D-15-15115R3,Completed Accept
PONE-D-15-15126R3,Revise
PONE-D-15-15128,Completed Reject
PONE-D-15-15130,Completed Reject
PONE-D-15-15132R2,Completed Accept
PONE-D-15-15146R2,Completed Accept
PONE-D-15-15151,Completed Reject
PONE-D-15-15153R2,Completed Accept
PONE-D-15-15157,Completed Reject
PONE-D-15-15172,Completed Reject
PONE-D-15-15179,Completed Withdrawn
PONE-D-15-15195R2,Completed Accept
PONE-D-15-15197,Completed Reject
PONE-D-15-15198,Completed Reject
PONE-D-15-15209,Completed Reject
PONE-D-15-15223,Completed Reject
PONE-D-15-15225R1,Completed Accept
PONE-D-15-15229R2,Completed Accept
PONE-D-15-15236R1,Completed Accept
PONE-D-15-15241,Completed Reject
PONE-D-15-15252,Completed Reject
PONE-D-15-15255R1,Completed Accept
PONE-D-15-15266R1,Completed Withdrawn
PONE-D-15-15268,Completed Reject
PONE-D-15-15273R1,Completed Accept
PONE-D-15-15277R2,Completed Accept
PONE-D-15-15286,Completed Reject
PONE-D-15-15287R1,Completed Accept
PONE-D-15-15310,Completed Reject
PONE-D-15-15311R3,Completed Accept
PONE-D-15-15312R1,Completed Accept
PONE-D-15-15313R2,Completed Accept
PONE-D-15-15314,Completed Reject
PONE-D-15-15319R2,Completed Accept
PONE-D-15-15320,Completed Reject
PONE-D-15-15322R1,Completed Accept
PONE-D-15-15324R1,Completed Accept
PONE-D-15-15327,Completed Accept
PONE-D-15-15337,Completed Reject
PONE-D-15-15338,Completed Withdrawn
PONE-D-15-15343,Completed Reject
PONE-D-15-15365R1,Completed Reject
PONE-D-15-15370,Completed Reject
PONE-D-15-15373R1,Completed Accept
PONE-D-15-15381R2,Completed Accept
PONE-D-15-15386,Completed Reject
PONE-D-15-15389,Completed Reject
PONE-D-15-15391,Completed Reject
PONE-D-15-15392,Completed Reject
PONE-D-15-15396,Completed Reject
PONE-D-15-15405,Completed Reject
PONE-D-15-15406R1,Completed Reject
PONE-D-15-15412R1,Completed Accept
PONE-D-15-15427R2,Completed Accept
PONE-D-15-15446,Completed Reject
PONE-D-15-15479,Completed Reject
PONE-D-15-15484R3,Completed Accept
PONE-D-15-15485R1,Completed Accept
PONE-D-15-15492,Completed Reject
PONE-D-15-15506,Completed Reject
PONE-D-15-15510R1,Completed Accept
PONE-D-15-15511R2,Completed Accept
PONE-D-15-15524,Completed Reject
PONE-D-15-15526,Completed Reject
PONE-D-15-15531R1,Completed Accept
PONE-D-15-15535,Completed Reject
PONE-D-15-15537,Completed Withdrawn
PONE-D-15-15538R1,Completed Accept
PONE-D-15-15542,Completed Withdrawn
PONE-D-15-15547,Completed Reject
PONE-D-15-15548R2,Completed Accept
PONE-D-15-15550R2,Completed Accept
PONE-D-15-15557R1,Completed Accept
PONE-D-15-15558R1,Completed Reject
PONE-D-15-15559,Completed Reject
PONE-D-15-15566R2,Completed Accept
PONE-D-15-15567R2,Completed Accept
PONE-D-15-15568,Completed Reject
PONE-D-15-15584R1,Revise
PONE-D-15-15602R1,Completed Accept
PONE-D-15-15606,Completed Reject
PONE-D-15-15608,Completed Withdrawn
PONE-D-15-15609,Completed Reject
PONE-D-15-15613,Completed Reject
PONE-D-15-15616R2,Completed Accept
PONE-D-15-15618R2,Completed Accept
PONE-D-15-15627,Completed Withdrawn
PONE-D-15-15638R2,Completed Accept
PONE-D-15-15641,Completed Withdrawn
PONE-D-15-15664,Completed Reject
PONE-D-15-15665,Completed Reject
PONE-D-15-15669,Completed Reject
PONE-D-15-15670,Completed Reject
PONE-D-15-15671,Completed Reject
PONE-D-15-15672,Completed Reject
PONE-D-15-15673,Completed Reject
PONE-D-15-15681,Completed Withdrawn
PONE-D-15-15683R2,Completed Accept
PONE-D-15-15684R3,Completed Accept
PONE-D-15-15688R1,Completed Accept
PONE-D-15-15699R1,Completed Reject
PONE-D-15-15705R2,Completed Accept
PONE-D-15-15714R1,Completed Withdrawn
PONE-D-15-15716,Completed Reject
PONE-D-15-15724,Completed Reject
PONE-D-15-15725,Completed Reject
PONE-D-15-15727R3,Completed Accept
PONE-D-15-15731,Completed Reject
PONE-D-15-15735,Completed Reject
PONE-D-15-15747R1,Completed Accept
PONE-D-15-15756,Completed Reject
PONE-D-15-15760R1,Completed Accept
PONE-D-15-15763R1,Completed Accept
PONE-D-15-15767,Completed Reject
PONE-D-15-15771,Completed Withdrawn
PONE-D-15-15778,Completed Reject
PONE-D-15-15786,Completed Withdrawn
PONE-D-15-15788R1,Completed Accept
PONE-D-15-15807,Completed Reject
PONE-D-15-15814,Completed Reject
PONE-D-15-15817,Completed Reject
PONE-D-15-15819,Completed Reject
PONE-D-15-15820R1,Completed Accept
PONE-D-15-15826,Completed Withdrawn
PONE-D-15-15830,Completed Reject
PONE-D-15-15835R1,Completed Accept
PONE-D-15-15842R1,Completed Accept
PONE-D-15-15847R2,Completed Accept
PONE-D-15-15856R2,Completed Reject
PONE-D-15-15861,Completed Reject
PONE-D-15-15863,Completed Reject
PONE-D-15-15865,Completed Reject
PONE-D-15-15866,Completed Reject
PONE-D-15-15886,Completed Reject
PONE-D-15-15890,Completed Reject
PONE-D-15-15904R2,Completed Accept
PONE-D-15-15908R1,Completed Accept
PONE-D-15-15916,Completed Reject
PONE-D-15-15920R1,Completed Accept
PONE-D-15-15937,Completed Reject
PONE-D-15-15939,Completed Reject
PONE-D-15-15940R2,Completed Accept
PONE-D-15-15941,Completed Reject
PONE-D-15-15944,Completed Withdrawn
PONE-D-15-15947,Completed Reject
PONE-D-15-15951R1,Completed Accept
PONE-D-15-15963R3,Completed Accept
PONE-D-15-15970R2,Completed Accept
PONE-D-15-15982R1,Completed Accept
PONE-D-15-16002,Completed Withdrawn
PONE-D-15-16010R1,Completed Accept
PONE-D-15-16021R2,Completed Accept
PONE-D-15-16026,Completed Reject
PONE-D-15-16031R1,Completed Reject
PONE-D-15-16048R2,Completed Accept
PONE-D-15-16055,Completed Reject
PONE-D-15-16063,Completed Withdrawn
PONE-D-15-16065,Completed Reject
PONE-D-15-16068R1,Revised Manuscript Submitted
PONE-D-15-16073,Completed Reject
PONE-D-15-16083R1,Completed Accept
PONE-D-15-16084R3,Completed Accept
PONE-D-15-16085,Completed Reject
PONE-D-15-16090,Completed Reject
PONE-D-15-16094,Completed Withdrawn
PONE-D-15-16096R2,Completed Accept
PONE-D-15-16098R2,Completed Accept
PONE-D-15-16099,Completed Reject
PONE-D-15-16103,Completed Reject
PONE-D-15-16104,Completed Reject
PONE-D-15-16111,Completed Reject
PONE-D-15-16112,Completed Reject
PONE-D-15-16114R4,Completed Accept
PONE-D-15-16122R2,Completed Accept
PONE-D-15-16153,Completed Withdrawn
PONE-D-15-16157,Completed Reject
PONE-D-15-16165,Completed Reject
PONE-D-15-16166R1,Completed Accept
PONE-D-15-16168,Completed Reject
PONE-D-15-16179,Completed Reject
PONE-D-15-16204R1,Completed Accept
PONE-D-15-16207,Completed Withdrawn
PONE-D-15-16223R1,Completed Accept
PONE-D-15-16227R1,Completed Accept
PONE-D-15-16235R2,Completed Accept
PONE-D-15-16236R1,Completed Accept
PONE-D-15-16249R1,Completed Accept
PONE-D-15-16258R1,Completed Accept
PONE-D-15-16263,Completed Reject
PONE-D-15-16264,Completed Reject
PONE-D-15-16265R1,Completed Accept
PONE-D-15-16273,Completed Reject
PONE-D-15-16274,Completed Reject
PONE-D-15-16277R1,Completed Accept
PONE-D-15-16281R1,Completed Accept
PONE-D-15-16300R1,Completed Accept
PONE-D-15-16303,Completed Reject
PONE-D-15-16331,Completed Withdrawn
PONE-D-15-16346,Completed Reject
PONE-D-15-16364R2,Completed Reject
PONE-D-15-16365,Completed Reject
PONE-D-15-16382R1,Completed Accept
PONE-D-15-16383,Completed Reject
PONE-D-15-16388,Completed Reject
PONE-D-15-16393R2,Completed Accept
PONE-D-15-16395R1,Completed Accept
PONE-D-15-16416,Completed Withdrawn
PONE-D-15-16419,Completed Reject
PONE-D-15-16423R1,Completed Accept
PONE-D-15-16428R1,Completed Accept
PONE-D-15-16443,Completed Reject
PONE-D-15-16455R2,Completed Accept
PONE-D-15-16456,Completed Reject
PONE-D-15-16460,Completed Reject
PONE-D-15-16461R2,Completed Accept
PONE-D-15-16462R3,Completed Accept
PONE-D-15-16470R2,Completed Accept
PONE-D-15-16472R1,Completed Accept
PONE-D-15-16487,Completed Reject
PONE-D-15-16491,Completed Reject
PONE-D-15-16497,Completed Reject
PONE-D-15-16502R2,Completed Accept
PONE-D-15-16508R1,Completed Accept
PONE-D-15-16514R2,Completed Accept
PONE-D-15-16518R2,Completed Accept
PONE-D-15-16519,Completed Reject
PONE-D-15-16528R1,Completed Accept
PONE-D-15-16541R1,Completed Reject
PONE-D-15-16572,Completed Reject
PONE-D-15-16580R1,Completed Reject
PONE-D-15-16590R1,Completed Accept
PONE-D-15-16599R2,Completed Reject
PONE-D-15-16601R1,Completed Withdrawn
PONE-D-15-16608R2,Completed Accept
PONE-D-15-16620,Completed Reject
PONE-D-15-16624R2,Completed Accept
PONE-D-15-16626,Completed Withdrawn
PONE-D-15-16643R2,Completed Accept
PONE-D-15-16652,Completed Reject
PONE-D-15-16659,Completed Reject
PONE-D-15-16662R1,Completed Accept
PONE-D-15-16668R2,Completed Accept
PONE-D-15-16669,Completed Reject
PONE-D-15-16678R1,Completed Withdrawn
PONE-D-15-16679R2,Completed Accept
PONE-D-15-16705,Completed Reject
PONE-D-15-16709,Completed Reject
PONE-D-15-16711R1,Completed Accept
PONE-D-15-16722,Completed Reject
PONE-D-15-16729R4,Completed Accept
PONE-D-15-16743,Completed Withdrawn
PONE-D-15-16748,Completed Reject
PONE-D-15-16760R2,Completed Accept
PONE-D-15-16761R1,Completed Accept
PONE-D-15-16762,Completed Reject
PONE-D-15-16779,Completed Reject
PONE-D-15-16787R1,Completed Accept
PONE-D-15-16799,Completed Reject
PONE-D-15-16801R1,Completed Accept
PONE-D-15-16835,Completed Reject
PONE-D-15-16857,Completed Reject
PONE-D-15-16863R2,Completed Accept
PONE-D-15-16874R1,Completed Accept
PONE-D-15-16880,Completed Reject
PONE-D-15-16882,Completed Reject
PONE-D-15-16884R1,Completed Accept
PONE-D-15-16891R1,Completed Accept
PONE-D-15-16905R1,Completed Accept
PONE-D-15-16907R1,Completed Reject
PONE-D-15-16916,Completed Reject
PONE-D-15-16925,Completed Reject
PONE-D-15-16929,Completed Withdrawn
PONE-D-15-16931,Completed Reject
PONE-D-15-16960R1,Completed Accept
PONE-D-15-16966,Completed Reject
PONE-D-15-16970R2,Completed Accept
PONE-D-15-16976,Completed Reject
PONE-D-15-16977R1,Completed Accept
PONE-D-15-16979R1,Completed Accept
PONE-D-15-16980R2,Completed Accept
PONE-D-15-16990,Completed Reject
PONE-D-15-16992R2,Completed Accept
PONE-D-15-16999,Completed Withdrawn
PONE-D-15-17005,Completed Reject
PONE-D-15-17015R1,Completed Accept
PONE-D-15-17018R1,Completed Accept
PONE-D-15-17022,Completed Reject
PONE-D-15-17031,Completed Reject
PONE-D-15-17038,Completed Reject
PONE-D-15-17059R5,Completed Accept
PONE-D-15-17082,Completed Reject
PONE-D-15-17084,Completed Reject
PONE-D-15-17103R1,Completed Accept
PONE-D-15-17120R1,Completed Accept
PONE-D-15-17124,Completed Reject
PONE-D-15-17130,Completed Reject
PONE-D-15-17137,Completed Reject
PONE-D-15-17141R2,Completed Accept
PONE-D-15-17145R1,Completed Accept
PONE-D-15-17149R1,Completed Accept
PONE-D-15-17152R2,Completed Accept
PONE-D-15-17162,Completed Reject
PONE-D-15-17170R1,Completed Accept
PONE-D-15-17172,Completed Withdrawn
PONE-D-15-17173R2,Accept
PONE-D-15-17185,Completed Reject
PONE-D-15-17187R1,Completed Accept
PONE-D-15-17195,Completed Reject
PONE-D-15-17202,Completed Reject
PONE-D-15-17205,Completed Withdrawn
PONE-D-15-17215R2,Completed Accept
PONE-D-15-17216,Completed Reject
PONE-D-15-17222,Completed Withdrawn
PONE-D-15-17228R1,Completed Accept
PONE-D-15-17230R1,Completed Reject
PONE-D-15-17232,Completed Reject
PONE-D-15-17236R2,Completed Accept
PONE-D-15-17244,Completed Reject
PONE-D-15-17266R1,Completed Accept
PONE-D-15-17269,Completed Reject
PONE-D-15-17276,Completed Withdrawn
PONE-D-15-17286,Completed Reject
PONE-D-15-17293R1,Completed Accept
PONE-D-15-17298,Completed Reject
PONE-D-15-17302,Completed Reject
PONE-D-15-17315R3,Completed Accept
PONE-D-15-17316R1,Completed Accept
PONE-D-15-17325,Completed Reject
PONE-D-15-17347R1,Completed Accept
PONE-D-15-17354,Completed Withdrawn
PONE-D-15-17357,Completed Reject
PONE-D-15-17375,Completed Reject
PONE-D-15-17397R1,Completed Accept
PONE-D-15-17441,Completed Reject
PONE-D-15-17446R1,Completed Accept
PONE-D-15-17447R1,Completed Reject
PONE-D-15-17449,Completed Reject
PONE-D-15-17459,Completed Accept
PONE-D-15-17461,Completed Reject
PONE-D-15-17467R1,Completed Accept
PONE-D-15-17479,Completed Reject
PONE-D-15-17500R1,Completed Accept
PONE-D-15-17501,Completed Withdrawn
PONE-D-15-17518,Completed Withdrawn
PONE-D-15-17519,Completed Reject
PONE-D-15-17526R1,Completed Accept
PONE-D-15-17533R1,Revise
PONE-D-15-17538,Completed Withdrawn
PONE-D-15-17539R1,Completed Accept
PONE-D-15-17540R3,Completed Accept
PONE-D-15-17542,Completed Reject
PONE-D-15-17549R2,Completed Accept
PONE-D-15-17550,Completed Withdrawn
PONE-D-15-17555,Completed Reject
PONE-D-15-17556R2,Completed Accept
PONE-D-15-17560,Completed Reject
PONE-D-15-17562,Completed Reject
PONE-D-15-17564,Completed Reject
PONE-D-15-17566R2,Completed Accept
PONE-D-15-17568,Completed Withdrawn
PONE-D-15-17580R3,Completed Accept
PONE-D-15-17602,Completed Withdrawn
PONE-D-15-17605R2,Completed Accept
PONE-D-15-17620R1,Completed Accept
PONE-D-15-17632R2,Completed Accept
PONE-D-15-17641,Completed Reject
PONE-D-15-17662R2,Completed Accept
PONE-D-15-17667R1,Completed Reject
PONE-D-15-17673,Completed Reject
PONE-D-15-17674R3,Completed Accept
PONE-D-15-17710R1,Completed Withdrawn
PONE-D-15-17716R1,Completed Accept
PONE-D-15-17734,Completed Accept
PONE-D-15-17741R1,Completed Accept
PONE-D-15-17743R1,Completed Accept
PONE-D-15-17747R1,Completed Accept
PONE-D-15-17749,Completed Reject
PONE-D-15-17753R1,Completed Reject
PONE-D-15-17756R1,Completed Accept
PONE-D-15-17760R3,Completed Accept
PONE-D-15-17770,Completed Reject
PONE-D-15-17773R1,Completed Reject
PONE-D-15-17774R1,Completed Accept
PONE-D-15-17775,Completed Reject
PONE-D-15-17780,Completed Reject
PONE-D-15-17779,Completed Withdrawn
PONE-D-15-17793R2,Completed Accept
PONE-D-15-17801R1,Completed Reject
PONE-D-15-17808R1,Completed Accept
PONE-D-15-17809R2,Completed Accept
PONE-D-15-17819,Completed Reject
PONE-D-15-17840R1,Completed Accept
PONE-D-15-17850R2,Completed Accept
PONE-D-15-17870,Completed Reject
PONE-D-15-17872,Completed Reject
PONE-D-15-17886,Completed Reject
PONE-D-15-17887R1,Completed Accept
PONE-D-15-17894R1,Revise
PONE-D-15-17905R2,Completed Accept
PONE-D-15-17912R1,Completed Accept
PONE-D-15-17931R1,Completed Accept
PONE-D-15-17932,Completed Reject
PONE-D-15-17935R1,Completed Accept
PONE-D-15-17943R1,Completed Accept
PONE-D-15-17950,Completed Withdrawn
PONE-D-15-17970,Completed Reject
PONE-D-15-17975,Completed Reject
PONE-D-15-17984,Completed Withdrawn
PONE-D-15-17998R2,Required Reviews Completed
PONE-D-15-18001R2,Completed Accept
PONE-D-15-18021,Completed Reject
PONE-D-15-18022,Completed Withdrawn
PONE-D-15-18038R1,Completed Reject
PONE-D-15-18042R1,Completed Reject
PONE-D-15-18046R1,Completed Accept
PONE-D-15-18047R1,Completed Reject
PONE-D-15-18049,Completed Reject
PONE-D-15-18057,Completed Reject
PONE-D-15-18058R2,Completed Accept
PONE-D-15-18075R2,Revise
PONE-D-15-18080,Completed Withdrawn
PONE-D-15-18084R1,Completed Accept
PONE-D-15-18095,Completed Reject
PONE-D-15-18108,Completed Reject
PONE-D-15-18126,Completed Reject
PONE-D-15-18150R2,Completed Accept
PONE-D-15-18165,Completed Reject
PONE-D-15-18167,Completed Reject
PONE-D-15-18179,Completed Accept
PONE-D-15-18190R1,Completed Accept
PONE-D-15-18191R2,Completed Accept
PONE-D-15-18200R1,Completed Accept
PONE-D-15-18201R1,Completed Accept
PONE-D-15-18207,Completed Reject
PONE-D-15-18220,Completed Reject
PONE-D-15-18224R2,Completed Accept
PONE-D-15-18236,Completed Reject
PONE-D-15-18237,Completed Reject
PONE-D-15-18245R2,Completed Reject
PONE-D-15-18247R1,Completed Accept
PONE-D-15-18254R1,Completed Accept
PONE-D-15-18255R1,Completed Accept
PONE-D-15-18261R1,Completed Accept
PONE-D-15-18266,Completed Reject
PONE-D-15-18267R1,Completed Accept
PONE-D-15-18269R2,Completed Accept
PONE-D-15-18278,Completed Reject
PONE-D-15-18284,Completed Reject
PONE-D-15-18290,Completed Reject
PONE-D-15-18286R2,Completed Accept
PONE-D-15-18291R1,Completed Accept
PONE-D-15-18295R1,Completed Accept
PONE-D-15-18300,Completed Withdrawn
PONE-D-15-18316,Completed Reject
PONE-D-15-18331,Completed Reject
PONE-D-15-18338,Completed Reject
PONE-D-15-18339R1,Completed Accept
PONE-D-15-18340,Completed Reject
PONE-D-15-18349,Completed Reject
PONE-D-15-18353R1,Completed Accept
PONE-D-15-18363R2,Completed Reject
PONE-D-15-18369R1,Completed Reject
PONE-D-15-18371,Completed Reject
PONE-D-15-18375,Completed Reject
PONE-D-15-18386,Completed Reject
PONE-D-15-18415R2,Under Review
PONE-D-15-18422,Completed Reject
PONE-D-15-18426,Completed Reject
PONE-D-15-18437R3,With Editor
PONE-D-15-18448,Completed Reject
PONE-D-15-18450,Completed Reject
PONE-D-15-18456R3,Completed Accept
PONE-D-15-18460,Completed Reject
PONE-D-15-18464,Completed Reject
PONE-D-15-18465R2,Completed Accept
PONE-D-15-18469R2,Completed Accept
PONE-D-15-18473,Completed Reject
PONE-D-15-18479,Completed Reject
PONE-D-15-18491R1,Revise
PONE-D-15-18492,Completed Reject
PONE-D-15-18494R1,Completed Accept
PONE-D-15-18524,Completed Withdrawn
PONE-D-15-18529,Completed Reject
PONE-D-15-18558,Completed Reject
PONE-D-15-18562R1,Completed Accept
PONE-D-15-18566,Completed Reject
PONE-D-15-18570R1,Completed Accept
PONE-D-15-18571,Completed Reject
PONE-D-15-18575,Completed Reject
PONE-D-15-18587R2,Completed Accept
PONE-D-15-18594R3,Completed Accept
PONE-D-15-18616R2,Completed Accept
PONE-D-15-18630,Completed Reject
PONE-D-15-18634,Completed Reject
PONE-D-15-18635R2,Completed Accept
PONE-D-15-18638R1,Completed Reject
PONE-D-15-18643R2,Completed Accept
PONE-D-15-18647R1,Completed Accept
PONE-D-15-18648R1,Completed Accept
PONE-D-15-18652R2,Completed Accept
PONE-D-15-18654,Completed Withdrawn
PONE-D-15-18658,Completed Withdrawn
PONE-D-15-18662R1,Completed Accept
PONE-D-15-18663,Completed Reject
PONE-D-15-18666R1,Completed Accept
PONE-D-15-18672R2,Completed Accept
PONE-D-15-18674R1,Completed Accept
PONE-D-15-18678R1,Completed Accept
PONE-D-15-18679R1,Completed Accept
PONE-D-15-18683,Completed Withdrawn
PONE-D-15-18702R1,Completed Accept
PONE-D-15-18706,Completed Reject
PONE-D-15-18715,Completed Withdrawn
PONE-D-15-18720R1,Completed Accept
PONE-D-15-18733,Completed Reject
PONE-D-15-18736,Completed Reject
PONE-D-15-18742,Completed Reject
PONE-D-15-18743R1,Completed Accept
PONE-D-15-18744R2,Completed Accept
PONE-D-15-18753,Completed Reject
PONE-D-15-18757,Completed Reject
PONE-D-15-18764R2,Completed Accept
PONE-D-15-18765,Completed Reject
PONE-D-15-18769R1,Completed Accept
PONE-D-15-18783R1,Completed Accept
PONE-D-15-18788,Completed Withdrawn
PONE-D-15-18801R2,Completed Accept
PONE-D-15-18803,Completed Reject
PONE-D-15-18809R2,Completed Accept
PONE-D-15-18816,Completed Reject
PONE-D-15-18818R3,Completed Accept
PONE-D-15-18821,Completed Reject
PONE-D-15-18826,Completed Reject
PONE-D-15-18844,Completed Reject
PONE-D-15-18848R1,Completed Accept
PONE-D-15-18858R3,Completed Accept
PONE-D-15-18864R1,Completed Accept
PONE-D-15-18873R1,Completed Accept
PONE-D-15-18879R1,Completed Accept
PONE-D-15-18889,Completed Reject
PONE-D-15-18893R1,Completed Accept
PONE-D-15-18894,Completed Reject
PONE-D-15-18900R1,Completed Accept
PONE-D-15-18903R1,Completed Accept
PONE-D-15-18907R1,Completed Accept
PONE-D-15-18928,Completed Withdrawn
PONE-D-15-18931,Completed Reject
PONE-D-15-18963R2,Completed Accept
PONE-D-15-18965,Completed Reject
PONE-D-15-18966,Completed Reject
PONE-D-15-18967,Completed Reject
PONE-D-15-18968,Completed Reject
PONE-D-15-18979R2,Completed Accept
PONE-D-15-18980,Completed Reject
PONE-D-15-18995R1,Completed Accept
PONE-D-15-19002R1,Completed Accept
PONE-D-15-19003R2,Completed Accept
PONE-D-15-19013R2,Completed Accept
PONE-D-15-19015,Completed Reject
PONE-D-15-19016R1,Completed Accept
PONE-D-15-19018R2,Completed Accept
PONE-D-15-19025R1,Completed Reject
PONE-D-15-19039,Completed Reject
PONE-D-15-19042,Completed Reject
PONE-D-15-19050R1,Completed Accept
PONE-D-15-19052R2,Completed Accept
PONE-D-15-19064,Completed Reject
PONE-D-15-19071R2,Completed Accept
PONE-D-15-19075R1,Completed Accept
PONE-D-15-19079,Completed Reject
PONE-D-15-19082R2,Completed Accept
PONE-D-15-19089R2,Completed Accept
PONE-D-15-19096R1,Completed Accept
PONE-D-15-19097,Completed Reject
PONE-D-15-19099R1,Completed Accept
PONE-D-15-19101R1,Completed Accept
PONE-D-15-19110,Completed Reject
PONE-D-15-19137,Completed Reject
PONE-D-15-19141R2,Completed Accept
PONE-D-15-19145,Completed Reject
PONE-D-15-19150,Completed Reject
PONE-D-15-19158,Completed Withdrawn
PONE-D-15-19161,Completed Reject
PONE-D-15-19162R2,Completed Accept
PONE-D-15-19166R3,Under Review
PONE-D-15-19169R2,Completed Accept
PONE-D-15-19193R2,Completed Accept
PONE-D-15-19174,Completed Reject
PONE-D-15-19202R1,Completed Accept
PONE-D-15-19207R2,Completed Accept
PONE-D-15-19213R1,Completed Reject
PONE-D-15-19215R2,Completed Accept
PONE-D-15-19218,Completed Reject
PONE-D-15-19219,Completed Reject
PONE-D-15-19231,Completed Reject
PONE-D-15-19241R1,Completed Accept
PONE-D-15-19242,Completed Withdrawn
PONE-D-15-19244R2,Completed Accept
PONE-D-15-19246R2,Completed Accept
PONE-D-15-19268,Completed Reject
PONE-D-15-19271,Completed Reject
PONE-D-15-19277R3,Completed Accept
PONE-D-15-19279R1,Completed Accept
PONE-D-15-19304R2,Completed Accept
PONE-D-15-19329R3,Completed Accept
PONE-D-15-19334R1,Completed Accept
PONE-D-15-19338R1,Completed Accept
PONE-D-15-19339R1,Completed Accept
PONE-D-15-19345R1,Completed Accept
PONE-D-15-19347,Completed Reject
PONE-D-15-19353R1,Completed Accept
PONE-D-15-19357R1,Completed Accept
PONE-D-15-19360R1,Revise
PONE-D-15-19368R2,Completed Accept
PONE-D-15-19381R1,Completed Accept
PONE-D-15-19392R1,Completed Accept
PONE-D-15-19395R2,Completed Accept
PONE-D-15-19403R1,Completed Accept
PONE-D-15-19405R2,Completed Accept
PONE-D-15-19414,Completed Reject
PONE-D-15-19426R2,Completed Accept
PONE-D-15-19458,Completed Withdrawn
PONE-D-15-19466,Completed Withdrawn
PONE-D-15-19472R1,Completed Accept
PONE-D-15-19475R2,Completed Accept
PONE-D-15-19479,Completed Reject
PONE-D-15-19482R1,Completed Accept
PONE-D-15-19483,Completed Reject
PONE-D-15-19492,Completed Reject
PONE-D-15-19499R1,Completed Accept
PONE-D-15-19502R3,Completed Accept
PONE-D-15-19506R1,Completed Accept
PONE-D-15-19509R1,Completed Accept
PONE-D-15-19512R2,Completed Accept
PONE-D-15-19516,Completed Reject
PONE-D-15-19534,Completed Accept
PONE-D-15-19535R2,Completed Accept
PONE-D-15-19536,Completed Reject
PONE-D-15-19544,Completed Reject
PONE-D-15-19549,Completed Reject
PONE-D-15-19551R2,Completed Accept
PONE-D-15-19554,Completed Reject
PONE-D-15-19559,Completed Reject
PONE-D-15-19563,Completed Reject
PONE-D-15-19570R1,Completed Accept
PONE-D-15-19571,Completed Reject
PONE-D-15-19575,Completed Reject
PONE-D-15-19586R1,Completed Reject
PONE-D-15-19587R2,Completed Accept
PONE-D-15-19594,Completed Reject
PONE-D-15-19602,Completed Reject
PONE-D-15-19613,Completed Withdrawn
PONE-D-15-19622,Completed Reject
PONE-D-15-19623,Completed Reject
PONE-D-15-19627,Completed Reject
PONE-D-15-19633,Completed Reject
PONE-D-15-19642,Completed Reject
PONE-D-15-19646,Completed Reject
PONE-D-15-19657R2,Completed Accept
PONE-D-15-19667R2,Completed Accept
PONE-D-15-19661,Completed Reject
PONE-D-15-19683R1,Completed Accept
PONE-D-15-19699,Completed Accept
PONE-D-15-19714R1,Completed Accept
PONE-D-15-19726,Completed Reject
PONE-D-15-19729,Completed Reject
PONE-D-15-19730R1,Completed Accept
PONE-D-15-19741,Completed Accept
PONE-D-15-19743R1,Completed Accept
PONE-D-15-19757R1,Completed Accept
PONE-D-15-19759R1,Completed Reject
PONE-D-15-19775,Completed Reject
PONE-D-15-19788R1,Completed Accept
PONE-D-15-19789R1,Completed Accept
PONE-D-15-19791,Completed Reject
PONE-D-15-19804,Completed Reject
PONE-D-15-19813,Completed Reject
PONE-D-15-19814R2,Completed Accept
PONE-D-15-19824,Completed Reject
PONE-D-15-19829,Completed Reject
PONE-D-15-19833,Completed Reject
PONE-D-15-19836R2,Completed Reject
PONE-D-15-19840R4,Completed Accept
PONE-D-15-19843,Completed Reject
PONE-D-15-19846,Completed Reject
PONE-D-15-19849R3,Completed Accept
PONE-D-15-19850,Completed Reject
PONE-D-15-19856R1,Completed Accept
PONE-D-15-19861R2,Completed Accept
PONE-D-15-19862R1,Completed Accept
PONE-D-15-19866R1,Completed Reject
PONE-D-15-19867R1,Completed Accept
PONE-D-15-19887R1,Completed Accept
PONE-D-15-19900,Completed Reject
PONE-D-15-19912R1,Completed Reject
PONE-D-15-19924R2,Completed Accept
PONE-D-15-19930,Completed Reject
PONE-D-15-19931R1,Completed Accept
PONE-D-15-19932R2,Completed Accept
PONE-D-15-19936R1,Completed Reject
PONE-D-15-19945R3,Completed Accept
PONE-D-15-19948R2,Completed Accept
PONE-D-15-19965,Completed Withdrawn
PONE-D-15-19968,Completed Withdrawn
PONE-D-15-19985,Completed Reject
PONE-D-15-19986,Completed Reject
PONE-D-15-20007,Completed Reject
PONE-D-15-20010,Completed Reject
PONE-D-15-20012,Completed Reject
PONE-D-15-20015,Completed Accept
PONE-D-15-20016R1,Completed Accept
PONE-D-15-20021,Completed Reject
PONE-D-15-20023R1,Completed Accept
PONE-D-15-20039,Completed Reject
PONE-D-15-20041,Completed Reject
PONE-D-15-20047R2,Completed Withdrawn
PONE-D-15-20048,Completed Reject
PONE-D-15-20049,Completed Withdrawn
PONE-D-15-20056R1,Completed Accept
PONE-D-15-20057,Completed Reject
PONE-D-15-20059R1,Completed Accept
PONE-D-15-20063R1,Completed Accept
PONE-D-15-20069R2,Completed Accept
PONE-D-15-20072,Completed Withdrawn
PONE-D-15-20076R1,Completed Accept
PONE-D-15-20095,Completed Reject
PONE-D-15-20102R2,Completed Accept
PONE-D-15-20106R1,Completed Accept
PONE-D-15-20108,Completed Reject
PONE-D-15-20111R1,Completed Accept
PONE-D-15-20122R3,Completed Accept
PONE-D-15-20127R1,Revise
PONE-D-15-20140,Completed Reject
PONE-D-15-20142,Completed Reject
PONE-D-15-20144R1,Completed Accept
PONE-D-15-20148,Completed Withdrawn
PONE-D-15-20160,Completed Reject
PONE-D-15-20171,Completed Reject
PONE-D-15-20179,Completed Reject
PONE-D-15-20182R1,Completed Accept
PONE-D-15-20184,Completed Reject
PONE-D-15-20191,Completed Reject
PONE-D-15-20207,Completed Reject
PONE-D-15-20215,Completed Reject
PONE-D-15-20244R1,Completed Accept
PONE-D-15-20246,Completed Reject
PONE-D-15-20248R1,Completed Accept
PONE-D-15-20259R1,Completed Accept
PONE-D-15-20262,Completed Reject
PONE-D-15-20266,Completed Reject
PONE-D-15-20268,Completed Reject
PONE-D-15-20272R2,Completed Accept
PONE-D-15-20277,Completed Withdrawn
PONE-D-15-20282R2,Completed Accept
PONE-D-15-20290R1,Completed Reject
PONE-D-15-20296,Completed Withdrawn
PONE-D-15-20308R2,Completed Accept
PONE-D-15-20310,Completed Reject
PONE-D-15-20311,Completed Reject
PONE-D-15-20315R1,Completed Accept
PONE-D-15-20329,Completed Reject
PONE-D-15-20338,Completed Reject
PONE-D-15-20339R1,Completed Accept
PONE-D-15-20341R1,Completed Accept
PONE-D-15-20347,Completed Withdrawn
PONE-D-15-20350,Completed Reject
PONE-D-15-20365,Completed Reject
PONE-D-15-20371R1,Completed Accept
PONE-D-15-20390R1,Completed Accept
PONE-D-15-20395,Completed Reject
PONE-D-15-20398R2,Completed Accept
PONE-D-15-20400R2,Completed Accept
PONE-D-15-20408,Completed Reject
PONE-D-15-20412R1,Completed Accept
PONE-D-15-20414R1,Incomplete
PONE-D-15-20417,Completed Reject
PONE-D-15-20422R1,Completed Accept
PONE-D-15-20425R1,Completed Accept
PONE-D-15-20431R2,Completed Accept
PONE-D-15-20436R2,Completed Accept
PONE-D-15-20439R1,Completed Accept
PONE-D-15-20458R2,Completed Accept
PONE-D-15-20463R1,Completed Accept
PONE-D-15-20467,Completed Withdrawn
PONE-D-15-20471R1,Completed Accept
PONE-D-15-20474R1,Completed Accept
PONE-D-15-20478R2,Completed Accept
PONE-D-15-20511,Completed Reject
PONE-D-15-20534R1,Completed Accept
PONE-D-15-20547,Completed Reject
PONE-D-15-20554R2,Completed Accept
PONE-D-15-20558,Completed Reject
PONE-D-15-20560R1,Completed Accept
PONE-D-15-20567,Completed Reject
PONE-D-15-20572,Completed Reject
PONE-D-15-20574R1,Completed Accept
PONE-D-15-20590,Completed Withdrawn
PONE-D-15-20591R1,Completed Accept
PONE-D-15-20592R1,Completed Reject
PONE-D-15-20595,Completed Reject
PONE-D-15-20600R1,Completed Withdrawn
PONE-D-15-20608,Completed Reject
PONE-D-15-20610,Completed Reject
PONE-D-15-20614R2,Completed Accept
PONE-D-15-20617,Completed Reject
PONE-D-15-20618R1,Completed Withdrawn
PONE-D-15-20628R1,Completed Accept
PONE-D-15-20630,Completed Reject
PONE-D-15-20637R1,Completed Accept
PONE-D-15-20638R1,Completed Accept
PONE-D-15-20642,Completed Reject
PONE-D-15-20645R1,Completed Accept
PONE-D-15-20649,Completed Reject
PONE-D-15-20657R1,Completed Accept
PONE-D-15-20658R1,Completed Accept
PONE-D-15-20668R1,Completed Accept
PONE-D-15-20672,Completed Withdrawn
PONE-D-15-20683,Completed Reject
PONE-D-15-20686R1,Completed Accept
PONE-D-15-20692,Completed Reject
PONE-D-15-20694R1,Completed Accept
PONE-D-15-20701,Completed Reject
PONE-D-15-20702,Completed Reject
PONE-D-15-20712,Completed Reject
PONE-D-15-20722,Completed Reject
PONE-D-15-20729,Completed Withdrawn
PONE-D-15-20731,Completed Reject
PONE-D-15-20737R1,Completed Accept
PONE-D-15-20745R1,Completed Withdrawn
PONE-D-15-20749R1,Completed Accept
PONE-D-15-20753,Completed Reject
PONE-D-15-20754R1,Completed Accept
PONE-D-15-20756R2,Completed Accept
PONE-D-15-20765,Completed Reject
PONE-D-15-20767R1,Completed Accept
PONE-D-15-20770,Completed Reject
PONE-D-15-20771,Completed Reject
PONE-D-15-20773R2,Completed Accept
PONE-D-15-20779,Completed Reject
PONE-D-15-20783R1,Completed Accept
PONE-D-15-20789R1,Completed Accept
PONE-D-15-20790R1,Completed Accept
PONE-D-15-20792,Completed Reject
PONE-D-15-20799R2,Completed Accept
PONE-D-15-20808,Completed Reject
PONE-D-15-20813,Completed Reject
PONE-D-15-20817,Completed Reject
PONE-D-15-20823R1,Completed Reject
PONE-D-15-20833,Completed Reject
PONE-D-15-20839R1,Completed Accept
PONE-D-15-20841,Completed Reject
PONE-D-15-20848,Completed Reject
PONE-D-15-20867R1,Completed Accept
PONE-D-15-20876R1,Completed Accept
PONE-D-15-20883R2,Completed Accept
PONE-D-15-20887R2,Completed Accept
PONE-D-15-20890R2,Completed Accept
PONE-D-15-20894R1,Completed Accept
PONE-D-15-20896R1,Rebuttal
PONE-D-15-20900,Completed Reject
PONE-D-15-20901R1,Completed Reject
PONE-D-15-20919,Completed Reject
PONE-D-15-20923,Completed Reject
PONE-D-15-20937,Completed Reject
PONE-D-15-20950,Completed Withdrawn
PONE-D-15-21001R1,Completed Reject
PONE-D-15-21004,Completed Reject
PONE-D-15-21009R1,Completed Accept
PONE-D-15-21033R1,Completed Accept
PONE-D-15-21042R1,Completed Accept
PONE-D-15-21045,Completed Reject
PONE-D-15-21046,Completed Reject
PONE-D-15-21052,Completed Reject
PONE-D-15-21061R1,Completed Accept
PONE-D-15-21065R2,Completed Accept
PONE-D-15-21070,Completed Reject
PONE-D-15-21078,Completed Reject
PONE-D-15-21080,Completed Reject
PONE-D-15-21081,Completed Reject
PONE-D-15-21089,Completed Reject
PONE-D-15-21094R2,Completed Accept
PONE-D-15-21099,Completed Reject
PONE-D-15-21101,Completed Reject
PONE-D-15-21107,Completed Reject
PONE-D-15-21108R1,Completed Accept
PONE-D-15-21118,Completed Reject
PONE-D-15-21123R2,Completed Accept
PONE-D-15-21127R2,Completed Accept
PONE-D-15-21129,Completed Reject
PONE-D-15-21133,Completed Reject
PONE-D-15-21136R2,Completed Accept
PONE-D-15-21137,Completed Reject
PONE-D-15-21138R2,Completed Accept
PONE-D-15-21144,Completed Reject
PONE-D-15-21146,Completed Withdrawn
PONE-D-15-21162R1,Completed Accept
PONE-D-15-21172R2,Completed Accept
PONE-D-15-21180,Completed Reject
PONE-D-15-21184R1,Completed Accept
PONE-D-15-21186,Completed Reject
PONE-D-15-21187R1,Completed Accept
PONE-D-15-21191,Completed Reject
PONE-D-15-21194R1,Completed Accept
PONE-D-15-21202,Completed Reject
PONE-D-15-21203,Completed Reject
PONE-D-15-21205,Completed Reject
PONE-D-15-21206,Completed Reject
PONE-D-15-21211,Completed Reject
PONE-D-15-21220R3,Completed Accept
PONE-D-15-21223,Completed Reject
PONE-D-15-21225R1,Completed Accept
PONE-D-15-21228R1,Completed Accept
PONE-D-15-21233R2,Completed Accept
PONE-D-15-21234,Completed Reject
PONE-D-15-21236R1,Completed Accept
PONE-D-15-21246R2,Completed Accept
PONE-D-15-21260,Completed Withdrawn
PONE-D-15-21267R1,Incomplete
PONE-D-15-21269R2,Completed Accept
PONE-D-15-21275R1,Completed Accept
PONE-D-15-21278,Completed Withdrawn
PONE-D-15-21288,Completed Reject
PONE-D-15-21295R1,Completed Accept
PONE-D-15-21296,Completed Reject
PONE-D-15-21297,Completed Reject
PONE-D-15-21310,Completed Reject
PONE-D-15-21330,Completed Withdrawn
PONE-D-15-21331,Completed Reject
PONE-D-15-21334R2,Completed Accept
PONE-D-15-21345,Completed Reject
PONE-D-15-21348R1,Completed Reject
PONE-D-15-21355,Completed Reject
PONE-D-15-21362,Completed Reject
PONE-D-15-21367R1,Completed Reject
PONE-D-15-21369R1,Completed Accept
PONE-D-15-21375R1,Completed Reject
PONE-D-15-21378R1,Completed Accept
PONE-D-15-21389,Completed Reject
PONE-D-15-21390,Completed Reject
PONE-D-15-21401,Completed Reject
PONE-D-15-21415R2,Completed Accept
PONE-D-15-21420R1,Completed Reject
PONE-D-15-21427,Completed Reject
PONE-D-15-21429R1,Completed Accept
PONE-D-15-21430,Completed Reject
PONE-D-15-21438R2,Completed Accept
PONE-D-15-21448R1,Completed Reject
PONE-D-15-21459,Completed Reject
PONE-D-15-21461,Completed Reject
PONE-D-15-21467,Completed Reject
PONE-D-15-21468R1,Completed Accept
PONE-D-15-21476,Completed Reject
PONE-D-15-21480,Completed Reject
PONE-D-15-21484,Completed Reject
PONE-D-15-21486,Completed Withdrawn
PONE-D-15-21499,Completed Reject
PONE-D-15-21508,Completed Reject
PONE-D-15-21520,Completed Withdrawn
PONE-D-15-21529,Completed Reject
PONE-D-15-21545R1,Completed Accept
PONE-D-15-21565R2,Completed Accept
PONE-D-15-21567R1,Completed Accept
PONE-D-15-21568R1,Completed Accept
PONE-D-15-21572R2,Completed Accept
PONE-D-15-21573R1,Completed Accept
PONE-D-15-21574,Completed Reject
PONE-D-15-21577,Completed Reject
PONE-D-15-21579,Completed Withdrawn
PONE-D-15-21603R1,Completed Accept
PONE-D-15-21607,Completed Withdrawn
PONE-D-15-21615R1,Completed Accept
PONE-D-15-21622R2,Completed Accept
PONE-D-15-21624R2,Completed Accept
PONE-D-15-21628R1,Completed Accept
PONE-D-15-21634,Completed Reject
PONE-D-15-21639R2,Completed Accept
PONE-D-15-21644R1,Completed Reject
PONE-D-15-21645R1,Completed Accept
PONE-D-15-21649R2,Completed Accept
PONE-D-15-21657R2,Completed Accept
PONE-D-15-21665,Completed Reject
PONE-D-15-21667,Completed Reject
PONE-D-15-21670R1,Completed Accept
PONE-D-15-21689,Completed Reject
PONE-D-15-21693R2,Completed Accept
PONE-D-15-21694R3,Completed Accept
PONE-D-15-21700R1,Completed Accept
PONE-D-15-21712,Completed Reject
PONE-D-15-21719,Completed Withdrawn
PONE-D-15-21730,Completed Reject
PONE-D-15-21733,Completed Reject
PONE-D-15-21734,Completed Reject
PONE-D-15-21752R1,Completed Accept
PONE-D-15-21754R2,Completed Accept
PONE-D-15-21756R1,Completed Accept
PONE-D-15-21763R2,Completed Accept
PONE-D-15-21766R1,Completed Accept
PONE-D-15-21774R2,Completed Accept
PONE-D-15-21801R2,Completed Accept
PONE-D-15-21815,Completed Reject
PONE-D-15-21824R2,Completed Accept
PONE-D-15-21851,Completed Withdrawn
PONE-D-15-21862R1,Completed Accept
PONE-D-15-21865,Completed Reject
PONE-D-15-21870R1,Completed Accept
PONE-D-15-21876R1,Completed Reject
PONE-D-15-21877,Completed Reject
PONE-D-15-21890R2,Completed Accept
PONE-D-15-21893,Completed Reject
PONE-D-15-21900R2,Completed Accept
PONE-D-15-21911R1,Completed Accept
PONE-D-15-21918R1,Completed Accept
PONE-D-15-21919,Completed Reject
PONE-D-15-21934,Completed Reject
PONE-D-15-21940R1,Completed Accept
PONE-D-15-21943,Completed Reject
PONE-D-15-21944R1,Completed Accept
PONE-D-15-21947,Completed Reject
PONE-D-15-21949R1,Completed Accept
PONE-D-15-21958,Completed Reject
PONE-D-15-21960R1,Completed Accept
PONE-D-15-21974R2,Completed Accept
PONE-D-15-21975R1,Completed Accept
PONE-D-15-21987R3,Completed Accept
PONE-D-15-21988R2,Completed Accept
PONE-D-15-21998R1,Completed Accept
PONE-D-15-22013R1,Completed Accept
PONE-D-15-22014,Completed Reject
PONE-D-15-22042,Completed Reject
PONE-D-15-22053R1,Completed Withdrawn
PONE-D-15-22054R2,Completed Accept
PONE-D-15-22090,Completed Reject
PONE-D-15-22091,Completed Reject
PONE-D-15-22102,Completed Reject
PONE-D-15-22103,Completed Reject
PONE-D-15-22104,Completed Reject
PONE-D-15-22112R2,Completed Accept
PONE-D-15-22116R1,Completed Accept
PONE-D-15-22117R1,Completed Accept
PONE-D-15-22119,Completed Reject
PONE-D-15-22130R1,Completed Accept
PONE-D-15-22133,Completed Reject
PONE-D-15-22147R1,Completed Accept
PONE-D-15-22151R1,Completed Accept
PONE-D-15-22162,Completed Reject
PONE-D-15-22170R1,Completed Reject
PONE-D-15-22185R1,Completed Accept
PONE-D-15-22196R3,Completed Accept
PONE-D-15-11263,Error
PONE-D-15-11960,Error
PONE-D-15-12405,Error
PONE-D-15-12470,Error
PONE-D-15-12907,Error
PONE-D-15-13202,Error
PONE-D-15-13845,Error
PONE-D-15-14052,Error
PONE-D-15-14916,Error
PONE-D-15-14943,Error
PONE-D-15-15136,Error
PONE-D-15-15214,Error
PONE-D-15-15397,Error
PONE-D-15-15450,Error
PONE-D-15-15533,Error
PONE-D-15-15707,Error
PONE-D-15-15832,Error
PONE-D-15-16362,Error
PONE-D-15-18061,Error
PONE-D-15-18786,Error
PONE-D-15-18872,Error
PONE-D-15-19711,Error
PONE-D-15-19923,Error
PONE-D-15-20017,Error
PONE-D-15-20814,Error
PONE-D-15-21546,Error
PONE-D-15-15215,N/A
PONE-D-15-16702,N/A
PONE-D-15-16892,N/A
PONE-D-15-18533,N/A
PONE-D-15-19413,N/A
PONE-D-15-20970,N/A
PONE-D-15-12330,Error
PONE-D-15-17580,Error
PONE-D-15-18095,Error
PONE-D-15-19002,Error
PONE-D-15-19482,Error
PONE-D-15-11658,Completed Accept
PONE-D-15-18737,Completed Accept
PONE-D-15-15604,Completed Withdrawn
PONE-D-15-21376,Completed Withdrawn
